<?xml version="1.0" encoding="UTF-8"?>
<GenRun Id="impl_1" LaunchPart="xc7a35tcpg236-1" LaunchTime="1574945896">
  <File Type="BITSTR-BMM" Name="AHBLITE_SYS_bd.bmm"/>
  <File Type="OPT-METHODOLOGY-DRC" Name="AHBLITE_SYS_methodology_drc_opted.rpt"/>
  <File Type="INIT-TIMING" Name="AHBLITE_SYS_timing_summary_init.rpt"/>
  <File Type="ROUTE-PWR" Name="AHBLITE_SYS_power_routed.rpt"/>
  <File Type="PA-TCL" Name="AHBLITE_SYS.tcl"/>
  <File Type="OPT-TIMING" Name="AHBLITE_SYS_timing_summary_opted.rpt"/>
  <File Type="OPT-DCP" Name="AHBLITE_SYS_opt.dcp"/>
  <File Type="ROUTE-PWR-SUM" Name="AHBLITE_SYS_power_summary_routed.pb"/>
  <File Type="REPORTS-TCL" Name="AHBLITE_SYS_reports.tcl"/>
  <File Type="OPT-DRC" Name="AHBLITE_SYS_drc_opted.rpt"/>
  <File Type="OPT-HWDEF" Name="AHBLITE_SYS.hwdef"/>
  <File Type="PWROPT-DCP" Name="AHBLITE_SYS_pwropt.dcp"/>
  <File Type="PWROPT-DRC" Name="AHBLITE_SYS_drc_pwropted.rpt"/>
  <File Type="PWROPT-TIMING" Name="AHBLITE_SYS_timing_summary_pwropted.rpt"/>
  <File Type="PLACE-DCP" Name="AHBLITE_SYS_placed.dcp"/>
  <File Type="PLACE-IO" Name="AHBLITE_SYS_io_placed.rpt"/>
  <File Type="PLACE-CLK" Name="AHBLITE_SYS_clock_utilization_placed.rpt"/>
  <File Type="PLACE-UTIL" Name="AHBLITE_SYS_utilization_placed.rpt"/>
  <File Type="PLACE-UTIL-PB" Name="AHBLITE_SYS_utilization_placed.pb"/>
  <File Type="PLACE-CTRL" Name="AHBLITE_SYS_control_sets_placed.rpt"/>
  <File Type="PLACE-SIMILARITY" Name="AHBLITE_SYS_incremental_reuse_placed.rpt"/>
  <File Type="PLACE-PRE-SIMILARITY" Name="AHBLITE_SYS_incremental_reuse_pre_placed.rpt"/>
  <File Type="BG-BGN" Name="AHBLITE_SYS.bgn"/>
  <File Type="PLACE-TIMING" Name="AHBLITE_SYS_timing_summary_placed.rpt"/>
  <File Type="POSTPLACE-PWROPT-DCP" Name="AHBLITE_SYS_postplace_pwropt.dcp"/>
  <File Type="BG-BIN" Name="AHBLITE_SYS.bin"/>
  <File Type="POSTPLACE-PWROPT-TIMING" Name="AHBLITE_SYS_timing_summary_postplace_pwropted.rpt"/>
  <File Type="PHYSOPT-DCP" Name="AHBLITE_SYS_physopt.dcp"/>
  <File Type="PHYSOPT-DRC" Name="AHBLITE_SYS_drc_physopted.rpt"/>
  <File Type="BITSTR-MSK" Name="AHBLITE_SYS.msk"/>
  <File Type="PHYSOPT-TIMING" Name="AHBLITE_SYS_timing_summary_physopted.rpt"/>
  <File Type="ROUTE-ERROR-DCP" Name="AHBLITE_SYS_routed_error.dcp"/>
  <File Type="ROUTE-DCP" Name="AHBLITE_SYS_routed.dcp"/>
  <File Type="ROUTE-BLACKBOX-DCP" Name="AHBLITE_SYS_routed_bb.dcp"/>
  <File Type="ROUTE-DRC" Name="AHBLITE_SYS_drc_routed.rpt"/>
  <File Type="ROUTE-DRC-PB" Name="AHBLITE_SYS_drc_routed.pb"/>
  <File Type="BITSTR-LTX" Name="debug_nets.ltx"/>
  <File Type="BITSTR-LTX" Name="AHBLITE_SYS.ltx"/>
  <File Type="ROUTE-DRC-RPX" Name="AHBLITE_SYS_drc_routed.rpx"/>
  <File Type="BITSTR-MMI" Name="AHBLITE_SYS.mmi"/>
  <File Type="ROUTE-METHODOLOGY-DRC" Name="AHBLITE_SYS_methodology_drc_routed.rpt"/>
  <File Type="ROUTE-METHODOLOGY-DRC-RPX" Name="AHBLITE_SYS_methodology_drc_routed.rpx"/>
  <File Type="BITSTR-SYSDEF" Name="AHBLITE_SYS.sysdef"/>
  <File Type="ROUTE-METHODOLOGY-DRC-PB" Name="AHBLITE_SYS_methodology_drc_routed.pb"/>
  <File Type="ROUTE-PWR-RPX" Name="AHBLITE_SYS_power_routed.rpx"/>
  <File Type="ROUTE-STATUS" Name="AHBLITE_SYS_route_status.rpt"/>
  <File Type="ROUTE-STATUS-PB" Name="AHBLITE_SYS_route_status.pb"/>
  <File Type="ROUTE-TIMINGSUMMARY" Name="AHBLITE_SYS_timing_summary_routed.rpt"/>
  <File Type="ROUTE-TIMING-PB" Name="AHBLITE_SYS_timing_summary_routed.pb"/>
  <File Type="ROUTE-TIMING-RPX" Name="AHBLITE_SYS_timing_summary_routed.rpx"/>
  <File Type="ROUTE-SIMILARITY" Name="AHBLITE_SYS_incremental_reuse_routed.rpt"/>
  <File Type="ROUTE-CLK" Name="AHBLITE_SYS_clock_utilization_routed.rpt"/>
  <File Type="ROUTE-BUS-SKEW" Name="AHBLITE_SYS_bus_skew_routed.rpt"/>
  <File Type="ROUTE-BUS-SKEW-PB" Name="AHBLITE_SYS_bus_skew_routed.pb"/>
  <File Type="ROUTE-BUS-SKEW-RPX" Name="AHBLITE_SYS_bus_skew_routed.rpx"/>
  <File Type="POSTROUTE-PHYSOPT-DCP" Name="AHBLITE_SYS_postroute_physopt.dcp"/>
  <File Type="POSTROUTE-PHYSOPT-BLACKBOX-DCP" Name="AHBLITE_SYS_postroute_physopt_bb.dcp"/>
  <File Type="POSTROUTE-PHYSOPT-TIMING" Name="AHBLITE_SYS_timing_summary_postroute_physopted.rpt"/>
  <File Type="POSTROUTE-PHYSOPT-TIMING-PB" Name="AHBLITE_SYS_timing_summary_postroute_physopted.pb"/>
  <File Type="POSTROUTE-PHYSOPT-TIMING-RPX" Name="AHBLITE_SYS_timing_summary_postroute_physopted.rpx"/>
  <File Type="POSTROUTE-PHYSOPT-BUS-SKEW" Name="AHBLITE_SYS_bus_skew_postroute_physopted.rpt"/>
  <File Type="POSTROUTE-PHYSOPT-BUS-SKEW-PB" Name="AHBLITE_SYS_bus_skew_postroute_physopted.pb"/>
  <File Type="BG-BIT" Name="AHBLITE_SYS.bit"/>
  <File Type="POSTROUTE-PHYSOPT-BUS-SKEW-RPX" Name="AHBLITE_SYS_bus_skew_postroute_physopted.rpx"/>
  <File Type="BITSTR-RBT" Name="AHBLITE_SYS.rbt"/>
  <File Type="BITSTR-NKY" Name="AHBLITE_SYS.nky"/>
  <File Type="BG-DRC" Name="AHBLITE_SYS.drc"/>
  <File Type="RDI-RDI" Name="AHBLITE_SYS.vdi"/>
  <File Type="WBT-USG" Name="usage_statistics_webtalk.html"/>
  <FileSet Name="sources" Type="DesignSrcs" RelSrcDir="$PSRCDIR/sources_1">
    <Filter Type="Srcs"/>
    <File Path="$PSRCDIR/sources_1/imports/CORTEX_M0/Course/Contents/Module_4/Module 4/Module 4/Lab_Code_Solution/FPGA/AHB_BRAM/AHB2BRAM.v">
      <FileInfo>
        <Attr Name="ImportPath" Val="$PPRDIR/../../Cortex_M0_Materials_20191114/Cortex_M0_Course/Contents/Module_4/Module 4/Module 4/Lab_Code_Solution/FPGA/AHB_BRAM/AHB2BRAM.v"/>
        <Attr Name="ImportTime" Val="1516638142"/>
        <Attr Name="UsedIn" Val="synthesis"/>
        <Attr Name="UsedIn" Val="implementation"/>
        <Attr Name="UsedIn" Val="simulation"/>
      </FileInfo>
    </File>
    <File Path="$PSRCDIR/sources_1/imports/CORTEX_M0/Course/Contents/Module_4/Module 4/Module 4/Lab_Code_Solution/FPGA/AHB_LED/AHB2LED.v">
      <FileInfo>
        <Attr Name="ImportPath" Val="$PPRDIR/../../Cortex_M0_Materials_20191114/Cortex_M0_Course/Contents/Module_4/Module 4/Module 4/Lab_Code_Solution/FPGA/AHB_LED/AHB2LED.v"/>
        <Attr Name="ImportTime" Val="1379318412"/>
        <Attr Name="UsedIn" Val="synthesis"/>
        <Attr Name="UsedIn" Val="implementation"/>
        <Attr Name="UsedIn" Val="simulation"/>
      </FileInfo>
    </File>
    <File Path="$PSRCDIR/sources_1/imports/CORTEX_M0/Course/Contents/Module_4/Module 4/Module 4/Lab_Code_Solution/FPGA/AHB_BUS/AHBDCD.v">
      <FileInfo>
        <Attr Name="ImportPath" Val="$PPRDIR/../../Cortex_M0_Materials_20191114/Cortex_M0_Course/Contents/Module_4/Module 4/Module 4/Lab_Code_Solution/FPGA/AHB_BUS/AHBDCD.v"/>
        <Attr Name="ImportTime" Val="1379318412"/>
        <Attr Name="UsedIn" Val="synthesis"/>
        <Attr Name="UsedIn" Val="implementation"/>
        <Attr Name="UsedIn" Val="simulation"/>
      </FileInfo>
    </File>
    <File Path="$PSRCDIR/sources_1/imports/CORTEX_M0/Course/Contents/Module_4/Module 4/Module 4/Lab_Code_Solution/FPGA/AHB_BUS/AHBMUX.v">
      <FileInfo>
        <Attr Name="ImportPath" Val="$PPRDIR/../../Cortex_M0_Materials_20191114/Cortex_M0_Course/Contents/Module_4/Module 4/Module 4/Lab_Code_Solution/FPGA/AHB_BUS/AHBMUX.v"/>
        <Attr Name="ImportTime" Val="1379318412"/>
        <Attr Name="UsedIn" Val="synthesis"/>
        <Attr Name="UsedIn" Val="implementation"/>
        <Attr Name="UsedIn" Val="simulation"/>
      </FileInfo>
    </File>
    <File Path="$PSRCDIR/sources_1/imports/CORTEX_M0/aa/cores/cortexm0_designstart_r2p0/logical/cortexm0_integration/verilog/CORTEXM0INTEGRATION.v">
      <FileInfo>
        <Attr Name="ImportPath" Val="$PPRDIR/../../Cortex_M0_Materials_20191114/CORTEX_M0/aa/cores/cortexm0_designstart_r2p0/logical/cortexm0_integration/verilog/CORTEXM0INTEGRATION.v"/>
        <Attr Name="ImportTime" Val="1506940729"/>
        <Attr Name="UsedIn" Val="synthesis"/>
        <Attr Name="UsedIn" Val="implementation"/>
        <Attr Name="UsedIn" Val="simulation"/>
      </FileInfo>
    </File>
    <File Path="$PSRCDIR/sources_1/imports/CORTEX_M0/aa/cores/cortexm0_designstart_r2p0/logical/cortexm0_integration/verilog/cortexmds_logic.v">
      <FileInfo>
        <Attr Name="ImportPath" Val="$PPRDIR/../../Cortex_M0_Materials_20191114/CORTEX_M0/aa/cores/cortexm0_designstart_r2p0/logical/cortexm0_integration/verilog/cortexmds_logic.v"/>
        <Attr Name="ImportTime" Val="1506940729"/>
        <Attr Name="UsedIn" Val="synthesis"/>
        <Attr Name="UsedIn" Val="implementation"/>
        <Attr Name="UsedIn" Val="simulation"/>
      </FileInfo>
    </File>
    <File Path="$PSRCDIR/sources_1/imports/CORTEX_M0/Course/Contents/Module_4/Module 4/Module 4/Lab_Code_Solution/FPGA/AHBLITE_SYS.v">
      <FileInfo>
        <Attr Name="ImportPath" Val="$PPRDIR/../../Cortex_M0_Materials_20191114/Cortex_M0_Course/Contents/Module_4/Module 4/Module 4/Lab_Code_Solution/FPGA/AHBLITE_SYS.v"/>
        <Attr Name="ImportTime" Val="1513239102"/>
        <Attr Name="UsedIn" Val="synthesis"/>
        <Attr Name="UsedIn" Val="implementation"/>
        <Attr Name="UsedIn" Val="simulation"/>
      </FileInfo>
    </File>
    <Config>
      <Option Name="DesignMode" Val="RTL"/>
      <Option Name="TopModule" Val="AHBLITE_SYS"/>
      <Option Name="TopAutoSet" Val="TRUE"/>
    </Config>
  </FileSet>
  <FileSet Name="constrs_in" Type="Constrs" RelSrcDir="$PSRCDIR/constrs_1">
    <Filter Type="Constrs"/>
    <File Path="$PSRCDIR/constrs_1/new/constraits.xdc">
      <FileInfo>
        <Attr Name="UsedIn" Val="synthesis"/>
        <Attr Name="UsedIn" Val="implementation"/>
      </FileInfo>
    </File>
    <Config>
      <Option Name="TargetConstrsFile" Val="$PSRCDIR/constrs_1/new/constraits.xdc"/>
      <Option Name="ConstrsType" Val="XDC"/>
    </Config>
  </FileSet>
  <Strategy Version="1" Minor="2">
    <StratHandle Name="Vivado Implementation Defaults" Flow="Vivado Implementation 2018"/>
    <Step Id="init_design"/>
    <Step Id="opt_design"/>
    <Step Id="power_opt_design"/>
    <Step Id="place_design"/>
    <Step Id="post_place_power_opt_design"/>
    <Step Id="phys_opt_design"/>
    <Step Id="route_design"/>
    <Step Id="post_route_phys_opt_design"/>
    <Step Id="write_bitstream"/>
  </Strategy>
</GenRun>
