<?xml version="1.0" encoding="UTF-8"?>
<GenRun Id="synth_1" LaunchPart="xc7a35tcpg236-1" LaunchTime="1574945896">
  <File Type="PA-TCL" Name="AHBLITE_SYS.tcl"/>
  <File Type="RDS-PROPCONSTRS" Name="AHBLITE_SYS_drc_synth.rpt"/>
  <File Type="REPORTS-TCL" Name="AHBLITE_SYS_reports.tcl"/>
  <File Type="RDS-RDS" Name="AHBLITE_SYS.vds"/>
  <File Type="RDS-UTIL" Name="AHBLITE_SYS_utilization_synth.rpt"/>
  <File Type="RDS-UTIL-PB" Name="AHBLITE_SYS_utilization_synth.pb"/>
  <File Type="RDS-DCP" Name="AHBLITE_SYS.dcp"/>
  <File Type="VDS-TIMINGSUMMARY" Name="AHBLITE_SYS_timing_summary_synth.rpt"/>
  <File Type="VDS-TIMING-PB" Name="AHBLITE_SYS_timing_summary_synth.pb"/>
  <FileSet Name="sources" Type="DesignSrcs" RelSrcDir="$PSRCDIR/sources_1">
    <Filter Type="Srcs"/>
    <File Path="$PSRCDIR/sources_1/imports/CORTEX_M0/Course/Contents/Module_4/Module 4/Module 4/Lab_Code_Solution/FPGA/AHB_BRAM/AHB2BRAM.v">
      <FileInfo>
        <Attr Name="ImportPath" Val="$PPRDIR/../../Cortex_M0_Materials_20191114/Cortex_M0_Course/Contents/Module_4/Module 4/Module 4/Lab_Code_Solution/FPGA/AHB_BRAM/AHB2BRAM.v"/>
        <Attr Name="ImportTime" Val="1516638142"/>
        <Attr Name="UsedIn" Val="synthesis"/>
        <Attr Name="UsedIn" Val="implementation"/>
        <Attr Name="UsedIn" Val="simulation"/>
      </FileInfo>
    </File>
    <File Path="$PSRCDIR/sources_1/imports/CORTEX_M0/Course/Contents/Module_4/Module 4/Module 4/Lab_Code_Solution/FPGA/AHB_LED/AHB2LED.v">
      <FileInfo>
        <Attr Name="ImportPath" Val="$PPRDIR/../../Cortex_M0_Materials_20191114/Cortex_M0_Course/Contents/Module_4/Module 4/Module 4/Lab_Code_Solution/FPGA/AHB_LED/AHB2LED.v"/>
        <Attr Name="ImportTime" Val="1379318412"/>
        <Attr Name="UsedIn" Val="synthesis"/>
        <Attr Name="UsedIn" Val="implementation"/>
        <Attr Name="UsedIn" Val="simulation"/>
      </FileInfo>
    </File>
    <File Path="$PSRCDIR/sources_1/imports/CORTEX_M0/Course/Contents/Module_4/Module 4/Module 4/Lab_Code_Solution/FPGA/AHB_BUS/AHBDCD.v">
      <FileInfo>
        <Attr Name="ImportPath" Val="$PPRDIR/../../Cortex_M0_Materials_20191114/Cortex_M0_Course/Contents/Module_4/Module 4/Module 4/Lab_Code_Solution/FPGA/AHB_BUS/AHBDCD.v"/>
        <Attr Name="ImportTime" Val="1379318412"/>
        <Attr Name="UsedIn" Val="synthesis"/>
        <Attr Name="UsedIn" Val="implementation"/>
        <Attr Name="UsedIn" Val="simulation"/>
      </FileInfo>
    </File>
    <File Path="$PSRCDIR/sources_1/imports/CORTEX_M0/Course/Contents/Module_4/Module 4/Module 4/Lab_Code_Solution/FPGA/AHB_BUS/AHBMUX.v">
      <FileInfo>
        <Attr Name="ImportPath" Val="$PPRDIR/../../Cortex_M0_Materials_20191114/Cortex_M0_Course/Contents/Module_4/Module 4/Module 4/Lab_Code_Solution/FPGA/AHB_BUS/AHBMUX.v"/>
        <Attr Name="ImportTime" Val="1379318412"/>
        <Attr Name="UsedIn" Val="synthesis"/>
        <Attr Name="UsedIn" Val="implementation"/>
        <Attr Name="UsedIn" Val="simulation"/>
      </FileInfo>
    </File>
    <File Path="$PSRCDIR/sources_1/imports/CORTEX_M0/aa/cores/cortexm0_designstart_r2p0/logical/cortexm0_integration/verilog/CORTEXM0INTEGRATION.v">
      <FileInfo>
        <Attr Name="ImportPath" Val="$PPRDIR/../../Cortex_M0_Materials_20191114/CORTEX_M0/aa/cores/cortexm0_designstart_r2p0/logical/cortexm0_integration/verilog/CORTEXM0INTEGRATION.v"/>
        <Attr Name="ImportTime" Val="1506940729"/>
        <Attr Name="UsedIn" Val="synthesis"/>
        <Attr Name="UsedIn" Val="implementation"/>
        <Attr Name="UsedIn" Val="simulation"/>
      </FileInfo>
    </File>
    <File Path="$PSRCDIR/sources_1/imports/CORTEX_M0/aa/cores/cortexm0_designstart_r2p0/logical/cortexm0_integration/verilog/cortexmds_logic.v">
      <FileInfo>
        <Attr Name="ImportPath" Val="$PPRDIR/../../Cortex_M0_Materials_20191114/CORTEX_M0/aa/cores/cortexm0_designstart_r2p0/logical/cortexm0_integration/verilog/cortexmds_logic.v"/>
        <Attr Name="ImportTime" Val="1506940729"/>
        <Attr Name="UsedIn" Val="synthesis"/>
        <Attr Name="UsedIn" Val="implementation"/>
        <Attr Name="UsedIn" Val="simulation"/>
      </FileInfo>
    </File>
    <File Path="$PSRCDIR/sources_1/imports/CORTEX_M0/Course/Contents/Module_4/Module 4/Module 4/Lab_Code_Solution/FPGA/AHBLITE_SYS.v">
      <FileInfo>
        <Attr Name="ImportPath" Val="$PPRDIR/../../Cortex_M0_Materials_20191114/Cortex_M0_Course/Contents/Module_4/Module 4/Module 4/Lab_Code_Solution/FPGA/AHBLITE_SYS.v"/>
        <Attr Name="ImportTime" Val="1513239102"/>
        <Attr Name="UsedIn" Val="synthesis"/>
        <Attr Name="UsedIn" Val="implementation"/>
        <Attr Name="UsedIn" Val="simulation"/>
      </FileInfo>
    </File>
    <Config>
      <Option Name="DesignMode" Val="RTL"/>
      <Option Name="TopModule" Val="AHBLITE_SYS"/>
      <Option Name="TopAutoSet" Val="TRUE"/>
    </Config>
  </FileSet>
  <FileSet Name="constrs_in" Type="Constrs" RelSrcDir="$PSRCDIR/constrs_1">
    <Filter Type="Constrs"/>
    <File Path="$PSRCDIR/constrs_1/new/constraits.xdc">
      <FileInfo>
        <Attr Name="UsedIn" Val="synthesis"/>
        <Attr Name="UsedIn" Val="implementation"/>
      </FileInfo>
    </File>
    <Config>
      <Option Name="TargetConstrsFile" Val="$PSRCDIR/constrs_1/new/constraits.xdc"/>
      <Option Name="ConstrsType" Val="XDC"/>
    </Config>
  </FileSet>
  <Strategy Version="1" Minor="2">
    <StratHandle Name="Vivado Synthesis Defaults" Flow="Vivado Synthesis 2018"/>
    <Step Id="synth_design"/>
  </Strategy>
</GenRun>
